{
    "loss": 0.8992251753807068,
    "accuracy": 0.8965517282485962
}